Voltage,Arrival_Time,Total_Velocity,Status,received_frequency,doppler_shift
1,2026-06-20 07:02:00,7.66563920885664,VISIBLE,6144.251563522953,437506144.25156355
